wgtcode,database,new_lat,new_long,regionalboardnumber,psa6c,psa9c,eco_iii_1987,eco_iii_2010,eco_ii_1987,eco_ii_2010,flowstatus,ag_2000_1k,ag_2000_5k,ag_2000_ws,code_21_2000_1k,code_21_2000_5k,code_21_2000_ws,urban_2000_1k,urban_2000_5k,urban_2000_ws,roaddens_1k,roaddens_5k,roaddens_ws,paved_int_1k,paved_int_5k,paved_int_ws,permanmade_ws,invdamdist,mines_5k,gravelminedensl_r5k,elev_range,max_elev,n_mean,p_mean,pct_cenoz,pct_nosed,pct_quart,pct_sedim,pct_volcnc,ppt_00_09,temp_00_09,nhd_so,maflowu,nhdslope,ftype,nhdflow,sampled,bpj_nonref,active,area_sqkm,site_elev,cao_mean,mgo_mean,s_mean,ucs_mean,lprem_mean,atmca,atmmg,atmso4,minp_ws,meanp_ws,sumave_p,tmax_ws,xwd_ws,maxwd_ws,lst32ave,bdh_ave,kfct_ave,prmh_ave,condqr01,condqr05,condqr25,condqr50,condqr75,condqr95,condqr99,lastupdatedate,comid,sitestatus,ag_2006_1k,ag_2006_5k,ag_2006_ws,code_21_2006_1k,code_21_2006_5k,code_21_2006_ws,urban_2006_1k,urban_2006_5k,urban_2006_ws,ag_2011_1k,ag_2011_5k,ag_2011_ws,code_21_2011_1k,code_21_2011_5k,code_21_2011_ws,urban_2011_1k,urban_2011_5k,urban_2011_ws,psa10c,created_user,created_date,last_edited_user,last_edited_date,stationcode
NA,Rounds123,37.5620443,-121.79842,2,CH,CHco,6.0,6.0,Xeric,Xeric,Nonperennial,0.0,0.0,0.0,0.0,2.6426,1.4558,0.0,0.0,0.0,0.0,1.37851755,1.24599328,0,0,0,0,0,0,0.0,965,1162,0.0095,0.0193,0,0.0,0,100.0,0,50251.19922,2044,2.0,0.2996,0.0576,StreamRiver,Intermittent,TRUE,FALSE,TRUE,17.254526,197,4.1165,3.292,0.1171,101.3202,-0.6749,0.0467,0.0425,0.2808,1.0,634.9429,704.127,271.4211,59.6545,10.0,63.4792,1.5281,0.2906,2.9597,31,80.0,200.0,300,370.0,598.0,871,12-Sep-16,2808579,Reference,0.0,0.0,0.0,0.0,2.67826873,1.45539906,0.0,0.0,0.0,0.0,0.0,0.0,0.0,2.67826873,1.45539906,0.0,0.0,0.0,CHco,,,,,204IND200
NA,Rounds123,38.5514306,-122.52171,2,CH,CHco,6.0,6.0,Xeric,Xeric,Perennial,0.0,0.0,0.0,0.8824,0.111,0.111,0.0,0.0,0.0,1.98043794,1.13293446,1.13293446,6,6,6,0,0,0,0.0,601,713,0.0341,0.1223,0,0.0,0,0.0,100,103591.8984,2199,1.0,2.99429,0.05885,StreamRiver,Perennial,TRUE,FALSE,TRUE,6.4908,112,2.5937,1.0872,0.0198,38.0262,-1.1383,0.0432,0.0498,0.2834,1.1667,1144.2142,1157.0667,309.5,72.2222,11.0556,95.0,1.171,0.2003,4.6154,23,36.0,128.0,225,289.0,364.0,505,12-Sep-16,1668249,Intermediate,0.0,0.0,0.0,0.723589,0.12479201,0.12479201,0.0,0.01386578,0.01386578,0.0,0.0,0.0,0.723589,0.12479201,0.12479201,0.0,0.01386578,0.01386578,CHco,,,,,206RIC100
NA,Rounds123,37.868036,-122.09806,2,CH,CHco,6.0,6.0,Xeric,Xeric,Perennial,0.0,0.0,0.0,32.3022,14.6002,13.2323,20.0,6.0,5.0,5.60895455,2.30659184,2.17026508,1,5,5,0,0,0,0.0,493,604,0.045,0.11556667,100,0.0,0,100.0,0,59760.0,2192,2.0,2.86009,0.01832,StreamRiver,Perennial,TRUE,FALSE,TRUE,13.65856427,111,6.39276667,2.233,0.32516667,78.6962,-0.78803333,0.04933333,0.04933333,0.31496667,0.96063333,688.5461333,508.5024,283.7083333,60.14276667,10.0,45.73426667,1.51153333,0.29686667,1.6851,27,138.0,247.0,322,441.0,867.0,1164,12-Sep-16,2789387,Stressed,0.0,0.0,0.0,33.1424481,14.5463948,13.2094127,20.0,5.96926714,5.32595083,0.0,0.0,0.0,33.1424481,14.50206856,13.2094127,20.0,6.01359338,5.36549997,CHco,,,,,207WAL410
NA,Rounds123,37.8401471,-122.09929,2,CH,CHco,6.0,6.0,Xeric,Xeric,Perennial,0.0,0.0,0.0,15.507,7.4984,7.4984,0.0,0.0,0.0,2.17108236,1.23445519,1.23445519,1,2,2,0,0,0,0.0,427,610,0.0469,0.1146,100,0.0,0,100.0,0,63114.0,2108,1.0,1.79551,0.03165,StreamRiver,Perennial,TRUE,FALSE,TRUE,6.861211,183,8.7122,3.0748,0.5229,76.1843,-0.784,0.0493,0.0523,0.3138,1.0,684.0,553.8666,278.4445,60.7143,10.0,48.2857,1.5321,0.3009,1.956,37,150.0,254.0,348,483.0,907.0,1162,12-Sep-16,2789411,,0.0,0.0,0.0,14.77572559,7.17847769,7.17847769,0.0,0.41994751,0.41994751,0.0,0.0,0.0,14.77572559,7.16535433,7.17847769,0.0,0.43307087,0.43307087,CHco,,,,,207WAL420
NA,Round4,37.8306396,-122.07502,2,CH,CHco,6.0,6.0,Xeric,Xeric,Unknown,0.0,0.0,0.0,2.23089794,2.08333333,2.08333333,0.0,0.0,0.0,0.70818351,0.86904896,0.86904896,1,1,1,0,0,0,0.0,328,608,0.049,0.11343333,100,0.0,0,100.0,0,63114.0,2108,1.0,1.79551,0.03165,StreamRiver,Perennial,FALSE,FALSE,FALSE,2.4611985,280,11.2928,4.0113,0.7429,73.3894,-0.77946667,0.0493,0.0523,0.31396667,1.0,677.1429,553.8666,280.5,60.7143,10.0,50.16193333,1.53343333,0.30086667,1.956,47,150.0,308.0,403,773.4285714,1090.0,1168,12-Sep-16,2789411,Intermediate,0.0,0.0,0.0,2.03520352,1.95652174,1.95652174,0.0,0.0,0.0,0.0,0.0,0.0,2.03520352,1.95652174,1.95652174,0.0,0.0,0.0,CHco,,,,,207WAL475
NA,Round4,37.4961869,-121.76068,2,CH,CHco,6.0,6.0,Xeric,Xeric,Unknown,1.0,0.0,0.0,3.97111913,0.79741284,0.90662534,0.0,0.0,0.0,3.07855644,0.46556668,0.27236631,0,0,4,0,0,0,0.0,842,1169,0.02806667,0.05503333,0,0.0,0,100.0,0,51806.30078,1998,3.0,5.15433,0.02277,StreamRiver,Perennial,FALSE,FALSE,FALSE,81.31439575,327,3.3631,3.0047,0.0572,101.7499,-0.6753,0.04603333,0.0406,0.27376667,0.5714,621.7158,733.8066333,291.2653,58.588,10.0,75.92466667,1.531,0.292,3.325,31,150.0,248.0,348,382.0,600.0,979,12-Sep-16,2809691,Intermediate,0.0,0.0,0.0,1.03092784,0.3617945,0.3617945,0.0,0.0,0.0,0.0,0.0,0.0,1.03092784,0.3617945,0.3617945,0.0,0.0,0.0,CHco,,,,,204ALA525
NA,Round4,38.6272947,-122.61301,2,CH,CHco,6.0,6.0,Xeric,Xeric,Unknown,0.0,0.0,0.0,1.20147874,1.2345679,1.2345679,0.0,0.0,0.0,0.13640355,0.11880531,0.11880531,0,0,0,0,0,1,0.0,1041,1222,0.03036667,0.13296667,0,0.0,0,0.0,100,104182.2031,2228,1.0,1.38451,0.14083,StreamRiver,Perennial,FALSE,FALSE,FALSE,5.09968782,181,2.92946667,7.70933333,0.0443,83.8988,-0.75453333,0.0395,0.04563333,0.25856667,1.3333,1201.4166,1419.606367,299.5,69.3889,10.6111,90.41666667,1.18286667,0.19666667,3.83513333,27,44.0,145.0,234,289.6923077,356.0,505,12-Sep-16,1668167,Intermediate,0.0,0.0,0.0,1.28440367,1.14983195,1.14983195,0.0,0.01768972,0.01768972,0.0,0.0,0.0,1.28440367,1.14983195,1.14983195,0.0,0.01768972,0.01768972,CHco,,,,,206NAP700
NA,Round4,37.4489718,-122.29447,2,CH,CHco,1.0,6.0,Mountain,Xeric,Unknown,2.0,0.0,0.0,0.10162602,2.98037764,2.98037764,0.0,0.0,0.0,0.14637737,0.40172821,0.40172821,0,0,0,0,0,0,0.0,448,641,0.0398,0.13176667,0,0.0,0,100.0,0,71319.79688,2189,2.0,0.18556,0.00569,StreamRiver,Intermittent,FALSE,FALSE,FALSE,4.85713967,193,3.2536,1.6684,0.98333333,69.73003333,-0.7441,0.04573333,0.04363333,0.27796667,0.1667,912.7273,1138.2667,277.0,73.2143,11.9286,47.73336667,1.35713333,0.25233333,2.066,17,46.0,179.0,300,399.0952381,849.0,979,12-Sep-16,17692887,Reference,2.0,0.0,0.0,0.3875969,2.72843802,2.72843802,0.0,0.01831167,0.01831167,2.0,0.0,0.0,0.3875969,2.72843802,2.72843802,0.0,0.01831167,0.01831167,CHco,,,,,205WUN450
NA,Rounds123,37.8608883,-122.10148,2,CH,CHco,6.0,6.0,Xeric,Xeric,Perennial,0.0,0.0,0.0,16.3112,12.3801,11.7307,10.0,4.0,4.0,3.32552014,1.96378533,1.92258448,1,5,5,0,0,0,0.0,485,610,0.0453,0.1154,100,0.0,0,100.0,0,59760.0,2192,2.0,2.86009,0.01832,StreamRiver,Perennial,TRUE,FALSE,TRUE,12.316423,125,6.7842,2.3751,0.3585,78.2722,-0.7873,0.0493,0.0525,0.3142,0.9375,691.6129,542.1528,280.0,60.4359,10.0,46.6111,1.5237,0.2992,1.7248,31,119.0,247.0,322,416.0,786.0,1161,12-Sep-16,2789387,,0.0,0.0,0.0,16.41618497,12.31032604,11.68128655,9.0,4.52883044,4.25438597,0.0,0.0,0.0,16.41618497,12.26363707,11.68128655,9.0,4.57551942,4.29824561,CHco,,,,,206WAL412
NA,Rounds123,37.9185185,-121.94435,2,CH,CHco,6.0,6.0,Xeric,Xeric,Nonperennial,1.0,0.0,0.0,2.1663,0.984,0.984,7.0,1.0,1.0,0.2843892,1.11661045,1.11661045,0,0,0,0,0,0,0.0,968,1154,0.0336,0.1933,0,0.0,0,100.0,0,49535.10156,2171,2.0,0.32822,0.02761,StreamRiver,Intermittent,TRUE,FALSE,TRUE,10.063165,186,6.7767,7.5355,0.0523,155.8634,-0.457,0.0503,0.054,0.3221,0.6364,616.4348,463.9182,299.9091,56.7742,9.3871,77.6207,1.5396,0.2955,3.1012,31,164.0,289.0,370,527.2,955.0,1166,12-Sep-16,2790351,Intermediate,1.0,0.0,0.0,1.62696107,0.86075495,0.86075495,7.0,1.07594369,1.07594369,1.0,0.0,0.0,1.62696107,0.86075495,0.86075495,7.0,1.07594369,1.07594369,CHco,,,,,207MTD117
,,37.3209,-121.6635,2,CH,CHco,,,,,,,,,,,,,,,0.0,0.36095799,0.5192855,0,0,0,0,0,0,,657,1313,0.05,0.09,0,0.0,0,100.0,0,58180.0,1978,,,,,,,,,43.1,656,3.36,3.0,0.06,101.7499,-0.68,0.04420419,0.03529888,0.2555453,0.9245283,675.7,797.0,275.6604,57.98507,10.0,99.0597,1.53,0.28,3.4,31,,,311,,,919,12-Sep-16,2811071,,0.0,0.0,0.0,1.162791,1.380233,1.640713,0.0,0.1171107,0.05218553,0.0,0.0,0.0,1.162791,1.376051,1.640713,0.0,0.1212932,0.05427295,CHco,,,,,204R00189
NA,Rounds123,38.274809,-122.12308,2,CH,CHco,6.0,6.0,Xeric,Xeric,Perennial,33.0,8.0,3.0,0.973,3.3074,1.7625,0.0,0.0,0.0,0.36963799,1.33357388,0.60765469,0,5,35,0,0,0,0.0,826,857,0.10303333,0.11653333,0,0.0,0,99.94553118,0,63176.80078,2354,3.0,5.0382,0.004,StreamRiver,Intermittent,TRUE,FALSE,TRUE,118.1097092,31,8.01573333,3.19726667,0.08656667,79.6486,-0.255,0.0516,0.0516,0.34116667,0.08103333,669.8057667,606.6106667,330.1749667,59.87286667,10.23963333,57.97963333,1.45726667,0.31583333,1.59306667,27,102.0,237.0,348,441.0,713.0,1139,12-Sep-16,2784627,,33.0,8.0,3.0,0.9771987,3.15648982,1.94847254,0.0,0.49382716,0.17221541,33.0,8.0,3.0,0.9771987,3.15648982,1.94847254,0.0,0.49382716,0.17221541,CHco,,,,,207SUI060
NA,Round4,38.3718771,-122.14051,2,CH,CHco,6.0,6.0,Xeric,Xeric,Unknown,0.0,0.0,0.0,4.97737557,1.26138753,1.22986459,0.0,0.0,0.0,1.33832039,0.13274788,0.12673729,0,0,0,0,0,0,0.0,727,847,0.0621,0.12526667,0,0.0,0,100.0,0,71008.70313,2340,2.0,0.52645,0.00801,StreamRiver,Intermittent,FALSE,FALSE,FALSE,21.73781674,120,16.84176667,6.09553333,0.2099,63.04263333,-0.93483333,0.05176667,0.06016667,0.34303333,0.7692,798.2745,652.7901333,327.7692,65.7917,11.1806,67.38973333,1.47786667,0.3407,1.1603,36,128.0,248.0,322,441.0,940.0,1161,12-Sep-16,2784507,Reference,0.0,0.0,0.0,4.90797546,1.32465722,1.31192319,0.0,0.0,0.0,0.0,0.0,0.0,4.90797546,1.32465722,1.31192319,0.0,0.0,0.0,CHco,,,,,207SUI290
NA,Round4,38.0394499,-122.7418,2,CH,CHco,6.0,6.0,Xeric,Xeric,Unknown,0.0,0.0,0.0,0.0,0.0,0.0,0.0,0.0,0.0,1.29152724,1.15573565,1.15573565,0,0,0,0,0,0,0.0,277,313,0.0107,0.1217,0,0.0,0,100.0,0,86601.39844,2026,1.0,0.14585,0.04118,StreamRiver,Intermittent,FALSE,FALSE,FALSE,2.84850001,36,7.9158,5.9601,0.034,197.8864,-0.1505,0.044,0.0485,0.2833,0.0,964.3333,871.7778,265.5,67.4444,10.7778,43.82406667,1.51643333,0.2425,1.927,28,47.0,128.0,224,298.0,527.0,919,12-Sep-16,5329569,Reference,0.0,0.0,0.0,0.0,0.0,0.0,0.0,0.0,0.0,0.0,0.0,0.0,0.0,0.0,0.0,0.0,0.0,0.0,CHco,,,,,201CHE300
NA,Round4,38.0664687,-122.7018,2,CH,CHco,6.0,6.0,Xeric,Xeric,Unknown,0.0,0.0,0.0,4.54115421,1.33557145,0.73045144,0.0,0.0,0.0,1.16599122,0.49203013,0.44474689,0,2,2,0,0,1,0.0,523,576,0.01476667,0.0289,0,0.0,0,100.0,0,88787.70313,2060,2.0,7.66393,0.00688,StreamRiver,Perennial,FALSE,FALSE,FALSE,22.55354939,53,3.1164,3.0047,0.05413333,94.7647,-0.5513,0.04473333,0.04966667,0.28913333,0.4643,1155.5416,820.1811333,272.0714,72.8261,12.2174,44.00993333,1.50503333,0.26,1.80296667,27,60.0,167.0,238,309.5555556,501.0,800,12-Sep-16,5329505,Intermediate,0.0,0.0,0.0,4.34782609,1.28654971,0.70310003,0.0,0.04385965,0.02396932,0.0,0.0,0.0,4.34782609,1.28654971,0.70310003,0.0,0.04385965,0.02396932,CHco,,,,,201LAG150
NA,Round4,38.0615262,-122.70001,2,CH,CHco,6.0,6.0,Xeric,Xeric,Unknown,0.0,0.0,0.0,3.34001336,3.87757018,3.65059792,1.0,0.0,0.0,2.20135021,1.34115577,1.3928626,2,14,17,0,0,0,0.0,450,506,0.00556667,0.01996667,0,0.0,0,100.0,0,94949.5,2040,3.0,7.26944,0.00631,StreamRiver,Perennial,FALSE,FALSE,FALSE,31.38542808,56,2.70406667,3.70023333,0.049,83.0896,-0.344,0.04473333,0.0495,0.28863333,0.3889,1092.9189,817.8094,269.3333,71.3438,11.3438,42.46223333,1.5037,0.25593333,1.82546667,28,47.0,159.0,228,298.0,500.0,798,12-Sep-16,5329533,Intermediate,0.0,0.0,0.0,3.44142952,3.72910013,3.58586293,1.0,0.21134699,0.209247,0.0,0.0,0.0,3.44142952,3.72910013,3.58586293,1.0,0.21134699,0.209247,CHco,,,,,201LAG160
NA,Round4,38.2077233,-122.79468,2,CH,CHco,6.0,6.0,Xeric,Xeric,Unknown,0.0,0.0,0.0,2.72614622,0.88831072,1.44221062,0.0,0.0,0.0,0.76314781,0.33404066,0.49382668,1,2,3,0,0,1,0.0,370,420,0.01216667,0.0429,0,0.0,0,100.0,0,91687.79688,2043,3.0,12.2648,0.00253,StreamRiver,Perennial,FALSE,FALSE,FALSE,31.20422113,50,3.2051,3.7229,0.0502,94.9516,-0.39256667,0.04243333,0.0477,0.27516667,1.0,1032.8235,901.6132,270.7368,69.375,10.75,66.8053,1.49323333,0.27223333,1.4063,31,53.0,166.0,228,302.0,501.0,598,12-Sep-16,5329817,Intermediate,0.0,0.0,0.0,2.71940668,0.86901623,1.36413451,0.0,0.01856872,0.1615043,0.0,0.0,0.0,2.71940668,0.86901623,1.36413451,0.0,0.01856872,0.1615043,CHco,,,,,201WLK120
NA,Rounds123,38.175383,-122.82088,2,CH,CHco,6.0,6.0,Xeric,Xeric,Perennial,0.0,0.0,0.0,2.8447,1.5077,1.4615,0.0,0.0,0.0,1.18759558,0.64328207,0.85211427,0,7,26,0,0,1,0.0,412,461,0.01213333,0.02423333,0,0.0,0,100.0,0,99372.39844,1992,3.0,15.8599,0.00531,StreamRiver,Perennial,TRUE,FALSE,TRUE,81.58744688,49,3.3211,3.5242,0.05863333,101.5335,-0.68646667,0.04253333,0.04253333,0.27526667,0.97193333,1030.569533,1008.1906,266.3820667,73.058,11.71193333,61.91163333,1.5138,0.2452,1.9086,27,47.0,151.0,203,292.0,404.0,505,12-Sep-16,5329357,Intermediate,0.0,0.0,0.0,2.2738268,1.41394276,1.41334186,1.0,0.1559745,0.10363037,0.0,0.0,0.0,2.2738268,1.41394276,1.41334186,1.0,0.1559745,0.10363037,CHco,,,,,201WLK160
NA,Rounds123,37.2691585,-122.26407,2,CH,CHco,1.0,1.0,Mountain,Mountain,Perennial,0.0,0.0,0.0,6.1277,4.8888,5.4432,0.0,0.0,0.0,2.6559945,1.96711495,3.23357552,1,7,28,0,0,0,0.0,753,827,0.0493,0.138,65,0.0,0,100.0,0,90881.70313,2131,3.0,23.22433,0.0,StreamRiver,Perennial,TRUE,FALSE,TRUE,92.581731,74,10.5578,4.4034,0.8151,72.4568,-0.7345,0.0447,0.0398,0.265,2.7928,974.1982,1150.8032,277.991,69.7641,11.0458,61.3228,1.4602,0.1949,4.287,23,128.0,248.0,310,354.5,767.0,1069,12-Sep-16,17688085,Intermediate,0.0,0.0,0.0,5.83376355,4.86539699,5.46106597,0.0,0.0,0.01652218,0.0,0.0,0.0,5.83376355,4.86539699,5.46106597,0.0,0.0,0.01749407,CHco,,,,,202PES162
NA,Round4,37.371877,-121.73258,2,CH,CHco,6.0,6.0,Xeric,Xeric,Unknown,0.0,0.0,0.0,0.0,0.31824611,0.31824611,0.0,0.0,0.0,0.0,0.18631149,0.18631149,0,0,0,0,0,0,0.0,396,903,0.02026667,0.03976667,0,0.0,0,100.0,0,63863.80078,2048,2.0,0.21292,0.0386,StreamRiver,Intermittent,FALSE,FALSE,FALSE,10.19013936,507,3.3631,3.0047,0.0572,101.7499,-0.6753,0.04506667,0.03816667,0.26393333,1.0,630.76,757.6206667,271.3571,58.2188,10.0,100.3856333,1.531,0.292,3.325,31,72.0,178.0,302,354.5581395,519.0,782,12-Sep-16,948050186,Reference,0.0,0.0,0.0,0.0,0.17709563,0.17709563,0.0,0.0,0.0,0.0,0.0,0.0,0.0,0.17709563,0.17709563,0.0,0.0,0.0,CHco,,,,,205AAG400
NA,Rounds123,37.1177117,-121.48092,2,CH,CHco,6.0,6.0,Xeric,Xeric,Nonperennial,0.0,0.0,0.0,0.0,0.5885,0.6091,0.0,0.0,0.0,0.10159361,0.40856277,0.24413322,0,8,9,0,0,0,0.0,800,1110,0.043,0.0868,0,0.0,0,100.0,0,58588.0,2148,3.0,35.86683,0.00588,StreamRiver,Perennial,TRUE,FALSE,TRUE,193.583068,310,4.5831,3.9836,0.16,98.8759,-0.6927,0.043,0.032,0.2441,0.3745,600.8421,561.5517,314.5872,55.0365,9.2604,64.796,1.5306,0.2816,3.4016,37,166.0,289.0,350,421.0,778.0,1160,12-Sep-16,17694855,Reference,0.0,0.0,0.0,0.0,0.56494061,0.59893884,0.0,0.0,0.00465015,0.0,0.0,0.0,0.0,0.56494061,0.59893884,0.0,0.0,0.00465015,CHco,,,,,205COY610
NA,Round4,37.1824044,-121.50666,2,CH,CHco,6.0,6.0,Xeric,Xeric,Unknown,0.0,0.0,0.0,0.0,0.10184097,0.50504106,0.0,0.0,0.0,0.0,0.193771,0.17842898,0,0,0,0,0,0,0.0,725,1111,0.0561,0.11,0,0.0,0,100.0,0,55172.89844,2198,2.0,10.40725,0.02257,StreamRiver,Perennial,FALSE,FALSE,FALSE,48.11286208,386,3.3631,3.0047,0.0572,101.7499,-0.6753,0.04306667,0.03233333,0.24486667,0.6964,659.7027,619.8435667,297.3214,56.8707,9.8163,66.89886667,1.53083333,0.28836667,3.35343333,32,164.0,247.0,334,382.0,637.0,1051,12-Sep-16,17694631,Reference,0.0,0.0,0.0,0.0,0.14928891,0.52261871,0.0,0.0,0.0,0.0,0.0,0.0,0.0,0.14928891,0.52261871,0.0,0.0,0.0,CHco,,,,,205COY850
NA,Round4,37.1753765,-121.47731,2,CH,CHco,6.0,6.0,Xeric,Xeric,Unknown,0.0,0.0,0.0,0.0,0.0,0.67039343,0.0,0.0,0.0,0.0,0.0,0.15815907,0,0,0,0,0,0,0.0,598,979,0.0245,0.0481,0,0.0,0,100.0,0,54438.5,2137,3.0,8.1517,0.00719,StreamRiver,Perennial,FALSE,FALSE,FALSE,84.84196914,381,3.3631,3.0047,0.0572,101.7499,-0.6753,0.0428,0.0315,0.24246667,0.0,547.2565,480.6526667,324.6346,52.1396,8.6906,61.77263333,1.53056667,0.28226667,3.394,44,164.0,252.0,354,503.0,968.0,1167,12-Sep-16,17694669,Reference,0.0,0.0,0.0,0.0,0.0,0.65889293,0.0,0.0,0.01061019,0.0,0.0,0.0,0.0,0.0,0.65889293,0.0,0.0,0.01061019,CHco,,,,,205COY900
NA,Round4,37.1195171,-121.90274,2,CH,CHco,1.0,6.0,Mountain,Xeric,Unknown,0.0,0.0,0.0,0.32626427,1.26761812,2.26675427,0.0,0.0,0.0,1.83371596,1.23478901,1.76886452,0,0,2,0,0,0,0.0,760,1156,0.0321,0.10066667,0,0.0,0,100.0,0,111094.8984,2111,3.0,2.89993,0.03647,StreamRiver,Perennial,FALSE,FALSE,FALSE,10.95145997,396,11.69516667,14.1792,0.88586667,77.77306667,-0.90746667,0.04353333,0.0349,0.25073333,2.75,1430.125,1108.058233,266.75,81.0857,13.6,64.93013333,1.51846667,0.27263333,3.41426667,36,97.0,226.0,318,420.5,976.0,1166,12-Sep-16,17694857,Reference,0.0,0.0,0.0,0.4842615,1.26705653,2.26188518,0.0,0.0,0.0,0.0,0.0,0.0,0.4842615,1.26705653,2.26188518,0.0,0.0,0.0,CHco,,,,,205LGA700
NA,Round4,37.9281785,-122.14996,2,CH,CHco,6.0,6.0,Xeric,Xeric,Unknown,0.0,0.0,0.0,3.42075257,1.84623863,1.84623863,0.0,0.0,0.0,1.31605816,1.06123785,1.06123785,0,0,0,0,0,0,0.0,236,444,0.0547,0.1105,100,0.0,0,100.0,0,64286.5,2107,,,,StreamRiver,Intermittent,FALSE,FALSE,FALSE,3.27088316,208,17.5458,6.2806,1.276,66.6175,-0.7685,0.0497,0.05426667,0.32026667,0.0,718.7143,529.6334,280.75,58.0,10.0,40.61113333,1.53,0.301,1.956,74,200.0,322.0,580,875.1176471,1103.0,1167,12-Sep-16,1671541,Reference,0.0,0.0,0.0,3.67816092,1.88937569,1.88937569,0.0,0.0,0.0,0.0,0.0,0.0,3.67816092,1.88937569,1.88937569,0.0,0.0,0.0,CHco,,,,,206BRC020
NA,Round4,38.1815728,-122.6029,2,CH,CHco,6.0,6.0,Xeric,Xeric,Unknown,0.0,0.0,0.0,5.39609644,2.39074915,2.05598683,8.0,1.0,1.0,3.75689454,1.2062697,0.93862238,1,11,40,0,0,1,0.0,472,478,0.0183,0.08123333,0,0.0,0,100.0,0,73476.39844,2153,3.0,11.19332,0.00253,StreamRiver,Perennial,FALSE,FALSE,FALSE,76.51675312,6,3.2856,5.17836667,0.05463333,91.80723333,-0.4818,0.04483333,0.05043333,0.2914,0.9889,1000.1292,753.7925667,274.8,66.6653,10.8093,57.03596667,1.50206667,0.25856667,1.62003333,27,93.0,183.0,252,348.2439024,503.0,600,12-Sep-16,1670289,Intermediate,0.0,0.0,1.0,6.25365284,2.38019226,1.99943579,8.0,1.22379483,0.74405811,0.0,0.0,1.0,6.25365284,2.38019226,1.99943579,8.0,1.22379483,0.74405811,CHco,,,,,206PET010
NA,Round4,38.1873295,-122.6644,2,CH,CHco,6.0,6.0,Xeric,Xeric,Unknown,0.0,0.0,0.0,2.64367816,2.3715415,2.05736597,3.0,1.0,0.0,1.07432927,0.97293882,0.83819989,1,20,23,0,0,1,0.0,331,369,0.01606667,0.0563,0,0.0,0,100.0,0,81995.29688,2104,2.0,6.12219,4e-05,StreamRiver,Perennial,FALSE,FALSE,FALSE,41.95411676,38,3.4042,4.2688,0.06323333,93.4621,-0.578,0.04396667,0.04943333,0.2856,1.0,980.15,796.0321333,271.6327,68.7769,11.0615,60.61056667,1.4716,0.2887,1.0456,27,56.0,168.0,247,322.0,502.0,777,12-Sep-16,1669573,Intermediate,0.0,1.0,1.0,2.54093732,2.25525372,1.99450384,3.0,0.74491714,0.48735455,0.0,1.0,1.0,2.54093732,2.25525372,1.99450384,3.0,0.74491714,0.48735455,CHco,,,,,206PET060
NA,Round4,38.1982318,-122.70439,2,CH,CHco,6.0,6.0,Xeric,Xeric,Unknown,0.0,1.0,1.0,7.07915273,2.1816223,2.1816223,0.0,0.0,0.0,2.05377062,0.77185976,0.77185976,2,7,7,0,0,0,0.0,307,369,0.00693333,0.0508,0,0.0,0,100.0,0,76082.89844,2107,2.0,2.37342,0.00401,StreamRiver,Perennial,FALSE,FALSE,FALSE,20.04167832,62,4.7638,4.59726667,0.04373333,128.4470333,-0.26243333,0.04336667,0.04876667,0.28133333,1.0,1002.9583,801.0552667,270.75,69.9524,11.0317,61.21933333,1.47936667,0.281,1.05563333,27,59.0,166.0,238,300.0,501.0,528,12-Sep-16,1669491,Intermediate,0.0,1.0,1.0,6.51685393,2.13444774,2.13444774,0.0,0.09436506,0.09436506,0.0,1.0,1.0,6.51685393,2.13444774,2.13444774,0.0,0.09436506,0.09436506,CHco,,,,,206PET070
NA,Round4,38.2331842,-122.5777,2,CH,CHco,6.0,6.0,Xeric,Xeric,Unknown,17.0,14.0,12.0,0.2020202,2.46975807,2.23841114,2.0,2.0,1.0,0.47905106,1.12374744,1.06494429,1,9,9,0,0,1,0.0,318,325,0.16743333,0.1315,6,0.0,6,76.92039018,16,61045.0,2170,2.0,1.5032,0.00407,StreamRiver,Intermittent,FALSE,FALSE,FALSE,22.11166743,7,3.04463333,1.70943333,0.0649,72.97353333,-0.13776667,0.04583333,0.0521,0.29956667,1.0,810.16,749.0520333,292.24,61.1618,10.0882,70.62663333,1.42173333,0.23216667,0.66413333,23,46.0,176.0,249,322.0,503.0,782,12-Sep-16,1670241,Intermediate,18.0,15.0,13.0,0.20682523,2.72702357,2.4754085,2.0,1.46628906,1.30477197,18.0,15.0,13.0,0.20682523,2.72702357,2.4754085,2.0,1.46628906,1.30477197,CHco,,,,,206PET090
NA,Round4,38.2432635,-122.59425,2,CH,CHco,6.0,6.0,Xeric,Xeric,Unknown,0.0,0.0,0.0,21.58415842,9.33001107,2.70312137,41.0,7.0,2.0,7.78952143,2.94469763,0.95062332,1,4,4,0,0,0,0.0,684,698,0.42726667,0.1351,0,0.0,0,79.58967948,20,61045.0,2170,2.0,2.72145,0.02052,StreamRiver,Intermittent,FALSE,FALSE,FALSE,11.62689973,14,2.6438,1.29716667,0.0725,52.01316667,0.75976667,0.0453,0.05153333,0.29616667,0.875,1119.0,839.8388667,287.0,71.0833,11.8333,72.41983333,1.43526667,0.23146667,0.79693333,23,44.0,168.0,249,322.0,503.0,812,12-Sep-16,1670219,Stressed,0.0,0.0,0.0,42.80155642,14.96692393,4.29091472,43.0,7.63506064,2.1532027,0.0,0.0,0.0,42.80155642,14.93936053,4.29091472,43.0,7.66262404,2.16094803,CHco,,,,,206PET130
NA,Round4,38.2518276,-122.61208,2,CH,CHco,6.0,6.0,Xeric,Xeric,Unknown,0.0,5.0,5.0,7.4554295,2.77982327,2.77522514,89.0,14.0,14.0,7.39432773,1.34479366,1.34241562,2,3,3,0,0,0,0.0,233,249,0.49076667,0.12343333,0,0.0,0,100.0,0,58611.60156,2149,1.0,0.25043,0.02006,StreamRiver,Intermittent,FALSE,FALSE,FALSE,4.89689997,16,2.3871,1.08476667,0.09106667,38.80533333,0.844,0.04496667,0.05113333,0.29383333,1.0,806.0769,751.4555667,287.1667,64.1875,10.125,70.73333333,1.41816667,0.23993333,0.4474,23,46.0,174.0,249,322.0,504.0,837,12-Sep-16,1669313,Stressed,0.0,4.0,4.0,8.61788618,6.35125184,6.34074619,89.0,14.63549337,14.61128469,0.0,4.0,4.0,8.29268293,6.31443299,6.34074619,89.0,14.67231222,14.64804264,CHco,,,,,206PET265
NA,Rounds123,38.294532,-122.66613,2,CH,CHco,6.0,6.0,Xeric,Xeric,Perennial,0.0,5.0,4.0,20.7328,13.1786,12.1988,45.0,8.0,7.0,6.03240278,2.52246851,2.29770533,2,6,6,0,0,0,0.0,633,651,0.1572,0.12823333,0,0.0,0,98.36912352,4,60413.19922,2148,1.0,2.81394,0.00514,StreamRiver,Intermittent,TRUE,FALSE,TRUE,19.53204895,18,3.2593,1.2785,0.06896667,74.48533333,-0.28053333,0.04333333,0.04333333,0.28273333,1.0,823.8272667,707.2923333,279.5898667,61.83556667,10.1079,71.34753333,1.55896667,0.272,4.314,26,59.0,200.0,257,322.0,408.0,846,12-Sep-16,1669225,Stressed,0.0,5.0,4.0,21.94907814,12.82435646,11.82354568,46.0,8.51338778,7.61039919,0.0,5.0,4.0,21.33450395,12.76232813,11.82354568,46.0,8.57541611,7.66571402,CHco,,,,,206PET400
NA,Round4,37.3066832,-121.68885,2,CH,CHco,6.0,6.0,Xeric,Xeric,Unknown,0.0,0.0,0.0,0.0,3.22742196,4.08688491,0.0,0.0,0.0,0.0,1.05076189,1.14165003,0,5,6,0,0,0,0.0,495,882,0.05563333,0.11073333,0,0.0,0,100.0,0,54950.19922,2072,2.0,1.34806,0.02174,StreamRiver,Perennial,FALSE,FALSE,FALSE,17.48478292,387,10.25513333,4.5832,0.64336667,83.4278,-0.7353,0.04456667,0.03666667,0.2597,1.0,636.0,699.6330667,277.75,55.8679,9.3774,105.7673,1.531,0.292,3.325,47,159.0,302.0,382,589.08,1016.0,1164,12-Sep-16,17694151,Reference,0.0,0.0,0.0,0.0,3.21844201,3.97255327,0.0,0.02784119,0.0257958,0.0,0.0,0.0,0.0,3.21844201,3.97255327,0.0,0.02784119,0.0257958,CHco,,,,,205SFC880
NA,Rounds123,38.018636,-122.73334,2,CH,CHco,6.0,1.0,Xeric,Mountain,Perennial,0.0,0.0,0.0,7.7936,9.2642,8.3515,0.0,0.0,1.0,2.41799555,2.52260355,1.90461442,6,18,47,5,0,0,0.0,750,788,0.01846667,0.08523333,0,0.0,0,100.0,0,88362.60156,2012,3.0,34.47972,0.0031,StreamRiver,Perennial,TRUE,FALSE,TRUE,87.6707325,38,5.15596667,6.61783333,0.05363333,142.5860667,-0.4951,0.0446,0.0446,0.2868,0.35256667,1089.993133,903.4498,268.5480667,68.08236667,10.5189,40.12936667,1.45083333,0.21146667,1.76803333,31,47.0,151.0,226,290.0,414.0,717,12-Sep-16,5329621,Intermediate,0.0,0.0,0.0,7.61283306,9.19154068,8.38331964,0.0,0.52116983,0.72000822,0.0,0.0,0.0,7.61283306,9.17861912,8.38331964,0.0,0.5340914,0.72617091,CHco,,,,,201LAG210
NA,Round4,38.0125689,-122.64677,2,CH,CHco,6.0,6.0,Xeric,Xeric,Unknown,0.0,0.0,0.0,65.5511811,38.09756098,38.09756098,4.0,2.0,2.0,11.81238102,6.43716113,6.43716113,3,9,9,0,0,0,0.0,320,427,0.00636667,0.0136,0,0.0,0,100.0,0,105879.0,2074,1.0,1.38262,0.02107,StreamRiver,Perennial,FALSE,FALSE,FALSE,3.69287401,107,2.94603333,8.7175,0.07413333,100.7371,-0.8239,0.0452,0.0498,0.2917,1.25,1146.0,864.3222,284.75,68.3333,10.8333,35.65906667,1.4954,0.2753,1.61066667,27,98.0,228.0,289,354.6938776,504.0,854,12-Sep-16,5329625,Stressed,0.0,0.0,0.0,64.12512219,37.69685039,37.69685039,5.0,2.46062992,2.46062992,0.0,0.0,0.0,64.12512219,37.67224409,37.69685039,5.0,2.48523622,2.48523622,CHco,,,,,201LAG300
NA,Rounds123,38.004353,-122.7089,2,CH,CHco,6.0,1.0,Xeric,Mountain,Perennial,0.0,0.0,0.0,4.9129,3.7572,5.0067,0.0,0.0,0.0,1.76435315,0.86245105,1.08726428,3,3,10,7,1,0,0.0,735,788,0.01716667,0.07443333,0,0.0,0,100.0,0,97507.20313,2046,3.0,22.3759,0.01601,StreamRiver,Perennial,TRUE,FALSE,TRUE,58.25062167,53,5.0526,7.7245,0.05753333,142.1458667,-0.54143333,0.0448,0.0448,0.28793333,0.46376667,1159.0889,917.2908333,271.8802333,68.0433,10.77916667,38.55223333,1.4602,0.21086667,1.80296667,23,47.0,167.0,248,302.0,500.0,717,12-Sep-16,5329629,Intermediate,0.0,0.0,0.0,4.68940317,3.68797954,4.89852071,0.0,0.02557545,0.40962701,0.0,0.0,0.0,4.68940317,3.68797954,4.89852071,0.0,0.02557545,0.41117277,CHco,,,,,201LAG320
NA,Rounds123,37.9917933,-122.66195,2,CH,CHco,6.0,1.0,Xeric,Mountain,Perennial,0.0,0.0,0.0,0.6094,1.705,1.705,0.0,0.0,0.0,0.09394414,0.726514,0.726514,0,0,0,0,0,0,0.0,322,540,0.00036667,0.04433333,0,0.0,0,100.0,0,105879.0,2074,1.0,0.25015,0.09642,StreamRiver,Intermittent,TRUE,FALSE,TRUE,2.428384,218,1.079767,34.38077,0.1502333,96.3378,-1.4907,0.045,0.04646667,0.2896667,0.0,1216.311,901.7667,291.6667,69.0,11.0,36.49047,1.515,0.243,1.927,26,59.0,214.0,289,348.5714,567.0,979,12-Sep-16,5330439,Reference,0.0,0.0,0.0,0.6071645,1.44391,1.44391,0.0,0.0,0.0,0.0,0.0,0.0,0.6071645,1.44391,1.44391,0.0,0.0,0.0,CHco,,,,,201LAG335
NA,Rounds123,38.164698,-122.77192,2,CH,CHco,6.0,6.0,Xeric,Xeric,Perennial,0.0,0.0,0.0,2.6802,2.3339,2.1447,0.0,0.0,0.0,0.71512142,0.83073375,0.89796598,0,2,2,0,0,0,0.0,335,417,0.0284,0.05583333,0,0.0,0,100.0,0,98017.70313,2033,2.0,2.01024,0.01924,StreamRiver,Perennial,TRUE,FALSE,TRUE,12.0027532,82,3.354,3.0143,0.05706667,101.492,-0.67073333,0.04313333,0.04313333,0.2795,1.0,1072.279433,968.2855333,266.1793,75.2759,12.0,59.84096667,1.515,0.243,1.927,27,47.0,151.0,200,290.0,400.0,504,12-Sep-16,5329363,Intermediate,0.0,0.0,0.0,2.68848627,2.34832024,2.17195926,0.0,0.15042621,0.13481126,0.0,0.0,0.0,2.68848627,2.34832024,2.17195926,0.0,0.15042621,0.13481126,CHco,,,,,201WLK190
NA,Round4,38.1432425,-122.72445,2,CH,CHco,6.0,6.0,Xeric,Xeric,Unknown,0.0,0.0,0.0,0.0,2.20300041,1.94487531,0.0,0.0,0.0,1.04526014,1.34436246,1.2769749,1,13,15,0,0,0,0.0,353,461,0.01503333,0.03026667,0,0.0,0,100.0,0,99291.20313,2050,2.0,1.44153,0.00103,StreamRiver,Intermittent,FALSE,FALSE,FALSE,22.62958655,108,3.3374,3.03183333,0.05686667,101.0220333,-0.66236667,0.0439,0.04906667,0.28446667,0.6923,1064.2549,887.0928,267.4231,72.0435,12.2174,52.2982,1.4968,0.27463333,1.6467,27,47.0,151.0,224,311.0,502.0,800,12-Sep-16,5329397,Intermediate,0.0,0.0,0.0,0.0,2.10142645,1.85833665,0.0,0.11249606,0.09948269,0.0,0.0,0.0,0.0,2.10142645,1.85833665,0.0,0.11249606,0.09948269,CHco,,,,,201WLK230
NA,Rounds123,37.962453,-122.20134,2,CH,CHco,6.0,6.0,Xeric,Xeric,Perennial,1.0,0.0,0.0,6.6274,7.2468,7.2468,0.0,0.0,0.0,2.04454559,2.89789877,2.89789877,2,5,5,0,0,0,0.0,263,374,0.0547,0.1105,100,0.0,0,100.0,0,60938.30078,2096,1.0,0.2833,0.03664,StreamRiver,Intermittent,TRUE,FALSE,TRUE,6.5601491,111,17.5458,6.2806,1.276,66.6175,-0.7685,0.04956667,0.04956667,0.31976667,0.08333333,664.0,560.3815333,275.0833333,56.86666667,9.3,31.90473333,1.50383333,0.2952,1.16873333,128,228.0,370.0,591,879.4677419,1151.0,1167,12-Sep-16,1671479,,2.0,0.0,0.0,6.43274854,6.87148539,6.87148539,1.0,0.91894116,0.91894116,2.0,0.0,0.0,6.43274854,6.87148539,6.87148539,1.0,0.91894116,0.91894116,CHco,,,,,206PNL110
NA,Rounds123,37.2776929,-122.01151,2,CH,CHco,6.0,6.0,Xeric,Xeric,Perennial,0.0,0.0,0.0,15.0338,38.2188,12.3469,85.0,32.0,7.0,12.08328209,8.91301341,4.00674809,4,15,40,0,0,1,0.0,886,981,0.1164,0.1425,56,0.0,56,43.94461691,0,42881.69922,2210,3.0,6.98643,0.01034,StreamRiver,Intermittent,TRUE,FALSE,TRUE,26.676077,95,10.5027,4.7961,0.5887,95.7762,-0.4026,0.0446,0.0388,0.2622,1.303,1040.7705,843.5577,275.3333,61.4074,9.8025,58.8929,1.4659,0.215,3.5101,36,120.0,249.0,322,411.0,883.0,1146,12-Sep-16,17693061,Stressed,0.0,0.0,0.0,17.25293132,37.20522626,12.01564766,82.0,32.31357553,7.05156308,0.0,0.0,0.0,16.91792295,37.12555768,12.01564766,83.0,32.3932441,7.06505244,CHco,,,,,205SAR057
NA,Rounds123,37.2722047,-122.01633,2,CH,CHco,6.0,6.0,Xeric,Xeric,Perennial,0.0,0.0,0.0,35.0814,30.9824,12.3742,65.0,19.0,6.0,10.67520097,7.04501356,3.87240546,3,13,37,0,0,1,0.0,880,981,0.3996,0.13166667,85,0.0,85,44.59763024,0,42881.69922,2210,3.0,6.98643,0.01034,StreamRiver,Intermittent,TRUE,FALSE,TRUE,26.285477,101,5.10113333,2.6559,0.25913333,58.72006667,0.56103333,0.04466667,0.04273333,0.26256667,1.1146,818.2016333,644.4914667,284.2916667,55.3863,9.275,56.53363333,1.46663333,0.25576667,2.47926667,27,59.0,241.0,302,355.5897436,700.0,955,12-Sep-16,17693061,Stressed,0.0,0.0,0.0,34.7985348,29.82830077,12.00588658,65.0,19.69212552,5.86604607,0.0,0.0,0.0,34.7985348,29.79277679,12.00588658,65.0,19.7276495,5.87289093,CHco,,,,,205SAR060
NA,Rounds123,37.2614607,-122.02952,2,CH,CHco,6.0,6.0,Xeric,Xeric,Perennial,0.0,0.0,0.0,38.3495,15.9927,11.4898,59.0,5.0,3.0,12.19929083,4.78535299,3.58792833,3,24,34,0,0,1,0.0,856,981,0.29673333,0.1436,77,0.0,77,33.78571414,0,71392.79688,2154,3.0,6.98643,0.01034,StreamRiver,Intermittent,TRUE,FALSE,TRUE,25.244177,125,6.54706667,3.36466667,0.31583333,78.87203333,0.23963333,0.04463333,0.0427,0.26243333,1.2016,906.3896,781.4833,281.6908667,57.0171,9.4418,57.2664,1.4745,0.23536667,2.85586667,27,88.0,247.0,302,354.1538462,525.0,902,12-Sep-16,17693061,Stressed,0.0,0.0,0.0,38.49206349,15.21828064,11.09685696,59.0,5.56951669,3.48514005,0.0,0.0,0.0,38.39285714,15.21243644,11.09685696,59.0,5.57536088,3.48870359,CHco,,,,,205SAR070
NA,Round4,38.471318,-122.48866,2,CH,CHco,6.0,6.0,Xeric,Xeric,Unknown,0.0,0.0,0.0,0.0,0.0,0.0,0.0,0.0,0.0,0.0,0.0,0.0,0,0,0,0,0,0,0.0,541,831,0.0,0.0,0,0.0,0,0.0,100,119749.0,2136,1.0,1.97169,0.13668,StreamRiver,Perennial,FALSE,FALSE,FALSE,2.42999997,290,1.0691,34.4251,0.1504,96.1794,-1.4928,0.04583333,0.05293333,0.3018,1.0,1096.8,901.9555667,302.0,76.5714,12.1429,92.0,1.36,0.2556,2.68986667,23,30.0,138.0,238,302.0,372.0,791,12-Sep-16,1668955,Reference,0.0,0.0,0.0,0.0,0.0,0.0,0.0,0.0,0.0,0.0,0.0,0.0,0.0,0.0,0.0,0.0,0.0,0.0,CHco,,,,,206HCT020
,,37.471,-121.667,2,CH,CHco,,,,,,,,,,,,,,,0.0,0.13150842,0.14029611,0,0,0,0,0,0,,401,1165,0.03,0.06,0,0.0,0,100.0,0,53320.80078,1975,,,,,,,,,12.53,764,3.36,3.0,0.06,101.7499,-0.68,0.04609984,0.04040964,0.2736688,0.9090909,636.0,780.0,283.0,59.5,10.0,77.45833,1.53,0.29,3.33,44,,,320,,,912,12-Sep-16,2809817,,0.0,0.0,0.0,0.0,0.4144464,0.3999543,0.0,0.0,0.0,0.0,0.0,0.0,0.0,0.4144464,0.3999543,0.0,0.0,0.0,CHco,,,,,204R00221
NA,Round4,37.6405005,-121.92468,2,CH,CHco,6.0,6.0,Xeric,Xeric,Unknown,0.0,0.0,0.0,0.26350461,1.10061012,1.10061012,0.0,0.0,0.0,0.61096201,0.50148588,0.50148588,0,0,0,0,0,0,0.0,281,585,0.0671,0.134,26,0.0,0,100.0,0,50397.30078,2124,,,,StreamRiver,Intermittent,FALSE,FALSE,FALSE,7.524154,304,5.2179,3.1224,0.0753,68.1664,-1.0287,0.04806667,0.04746667,0.29733333,0.0,704.8823,523.9861,280.75,53.4783,9.0,55.91666667,1.53,0.301,1.956,27,164.0,252.0,348,441.0,910.0,1164,12-Sep-16,2806659,Reference,0.0,0.0,0.0,0.3298153,1.07616884,1.07616884,0.0,0.0,0.0,0.0,0.0,0.0,0.3298153,1.07616884,1.07616884,0.0,0.0,0.0,CHco,,,,,204SIN300
NA,Round4,37.213486,-122.31451,2,CH,CHco,1.0,1.0,Mountain,Mountain,Unknown,0.0,0.0,0.0,0.84580351,2.20024722,2.20024722,0.0,0.0,0.0,0.78716249,1.42229908,1.42229908,0,0,0,0,0,0,0.0,379,539,0.0539,0.11163333,100,0.0,0,100.0,0,77491.20313,1922,2.0,3.31844,0.02209,StreamRiver,Perennial,FALSE,FALSE,FALSE,3.64033702,160,16.78673333,6.03613333,1.26126667,66.7719,-0.76716667,0.0445,0.0397,0.26376667,3.0,907.5,1246.3593,261.75,76.1,12.0,62.1212,1.463,0.20133333,3.9582,31,128.0,252.0,322,416.4285714,930.0,1099,12-Sep-16,17688205,Reference,0.0,0.0,0.0,0.66006601,1.96224541,1.96224541,0.0,0.1987084,0.1987084,0.0,0.0,0.0,0.66006601,1.96224541,1.96224541,0.0,0.1987084,0.1987084,CHco,,,,,202BUT480
NA,Round4,37.2152307,-122.30854,2,CH,CHco,1.0,1.0,Mountain,Mountain,Unknown,0.0,0.0,0.0,0.41695622,2.60841213,2.60841213,0.0,0.0,0.0,0.24753978,1.53845104,1.53845104,0,0,0,0,0,0,0.0,363,539,0.05363333,0.11196667,100,0.0,0,100.0,0,88759.0,2060,2.0,3.31844,0.02209,StreamRiver,Perennial,FALSE,FALSE,FALSE,2.7619137,176,16.5542,5.96126667,1.25673333,66.81916667,-0.76676667,0.04456667,0.03976667,0.26396667,3.0,919.6667,1246.3593,261.75,76.1429,12.0,62.16666667,1.46266667,0.20046667,3.9994,31,123.0,252.0,322,412.0,929.0,1099,12-Sep-16,17688205,Reference,0.0,0.0,0.0,0.28248588,2.25342913,2.25342913,0.0,0.26126715,0.26126715,0.0,0.0,0.0,0.28248588,2.25342913,2.25342913,0.0,0.26126715,0.26126715,CHco,,,,,202BUT600
,,37.451,-121.755,2,CH,CHco,,,,,,,,,,,,,,,0.32013516,0.56960216,0.38606308,0,5,7,0,0,0,,814,1322,0.03,0.05,0,0.0,0,100.0,0,56122.19922,1995,,,,,,,,,165.59,508,3.3,3.91,0.06,101.5909,-0.7,0.04446631,0.03585337,0.2578316,0.344,603.1208,735.0,299.192,56.78261,9.81677,96.48447,1.52,0.28,3.12,48,,,349,,,979,12-Sep-16,2810117,,0.0,0.0,0.0,0.0,2.448401,2.607887,0.0,0.00252934,0.02584625,0.0,0.0,0.0,0.0,2.448401,2.607887,0.0,0.00252934,0.02584625,CHco,,,,,204R00253
NA,Round4,37.9447607,-122.74297,2,CH,CHco,6.0,1.0,Xeric,Mountain,Unknown,0.0,0.0,0.0,0.0,0.0,0.0,0.0,0.0,0.0,0.0,0.0,0.0,0,0,0,0,0,0,0.0,293,421,0.0537,0.1085,0,0.0,0,99.99919936,0,100408.6016,1945,2.0,1.26882,0.0469,StreamRiver,Perennial,FALSE,FALSE,FALSE,2.7192706,128,17.5458,6.2806,1.276,66.6175,-0.7685,0.04423333,0.0482,0.28346667,0.0,1007.3333,851.3666,230.0,58.6667,9.3333,34.6,1.49983333,0.259,2.0,40,128.0,276.0,380,783.0588235,973.0,1164,12-Sep-16,5330515,Reference,0.0,0.0,0.0,0.0,0.0,0.0,0.0,0.0,0.0,0.0,0.0,0.0,0.0,0.0,0.0,0.0,0.0,0.0,CHco,,,,,201AHO350
NA,Rounds123,37.8769478,-122.5811,2,CH,CHco,6.0,6.0,Xeric,Xeric,Perennial,0.0,0.0,0.0,3.2656,7.9403,8.7766,0.0,1.0,1.0,0.76480975,2.08111292,2.31580273,1,14,15,0,0,0,0.0,766,788,0.0003,0.0053,0,0.0,0,100.0,0,83818.29688,1832,2.0,8.38278,0.00577,StreamRiver,Perennial,TRUE,FALSE,TRUE,16.398294,22,2.9554,26.5827,0.1183,124.2007,-1.1229,0.0458,0.0497,0.2936,2.55,1093.4324,905.4,226.7,56.3846,8.3654,22.5192,1.4525,0.2066,1.8054,21,44.0,122.0,224,315.3333333,470.0,777,12-Sep-16,5330719,Intermediate,0.0,0.0,0.0,3.05623472,7.76209072,8.53879523,0.0,1.07539802,1.33435836,0.0,0.0,0.0,3.05623472,7.76209072,8.53879523,0.0,1.07539802,1.33435836,CHco,,,,,201RDW080
,,37.391,-122.368,2,CH,CHco,,,,,,,,,,,,,,,3.21843199,4.00607075,4.00607072,0,0,0,0,0,1,,564,657,0.05,0.13,96,0.0,0,100.0,0,72121.5,1842,,,,,,,,,14.09,93,7.19,3.09,0.89,67.15178,-0.76,0.04535146,0.04278038,0.2744127,2.909091,922.2,1524.0,240.4545,81.0,12.80769,55.53846,1.46,0.2,3.17,17,,,232,,,967,12-Sep-16,17688283,,0.0,0.0,0.0,6.043956,6.336172,6.336172,0.0,0.0,0.0,0.0,0.0,0.0,6.043956,6.336172,6.336172,0.0,0.0,0.0,CHco,,,,,202R00376
,,37.2266,-122.2412,2,CH,CHco,,,,,,,,,,,,,,,2.90252661,6.77611611,6.77611615,0,0,0,0,0,0,,331,710,0.04,0.13,100,0.0,0,100.0,0,102489.8984,2080,,,,,,,,,2.02,379,3.25,1.68,1.0,69.52515,-0.74,0.04452428,0.03930358,0.2629088,3.0,1091.2,1249.0,274.6667,74.0,12.0,63.0,1.46,0.19,4.71,21,,,290,,,961,12-Sep-16,17688325,Stressed,0.0,0.0,0.0,3.321471,8.497317,8.497317,0.0,0.0,0.0,0.0,0.0,0.0,3.321471,8.497317,8.497317,0.0,0.0,0.0,CHco,,,,,202R00150
,,37.2617,-122.2408,2,CH,CHco,,,,,,,,,,,,,,,0.2728853,1.62831125,1.62831032,1,1,1,0,0,0,,345,443,0.06,0.14,100,0.0,0,100.0,0,90881.70313,2131,,,,,,,,,4.78,98,1.49,1.78,0.08,62.32105,-0.81,0.04490796,0.04046448,0.2672515,3.0,856.7273,1216.0,282.3333,66.70588,11.0,62.05882,1.46,0.2,4.12,27,,,248,,,777,12-Sep-16,17688093,,0.0,0.0,0.0,0.7005254,4.584743,4.584743,0.0,0.0,0.0,0.0,0.0,0.0,0.7005254,4.584743,4.584743,0.0,0.0,0.0,CHco,,,,,202R00214
,,37.452,-122.392,2,CH,CHco,,,,,,,,,,,,,,,0.8213989,1.84589686,1.84589685,1,1,1,0,0,0,,476,560,0.06,0.12,35,0.0,0,100.0,0,83341.20313,1939,,,,,,,,,13.38,84,12.09,4.7,0.94,65.80206,-0.78,0.04564252,0.0439169,0.2783618,2.545455,940.25,1491.0,248.0,81.07407,12.77778,44.92593,1.44,0.25,1.54,17,,,318,,,1110,12-Sep-16,17687849,,3.0,1.0,1.0,1.795213,2.715706,2.715706,0.0,0.02138351,0.02138351,3.0,1.0,1.0,1.795213,2.715706,2.715706,0.0,0.02138351,0.02138351,CHco,,,,,202R00312
,,37.121,-121.48,2,CH,CHco,,,,,,,,,,,,,,,0.0,0.4197174,0.28245772,0,8,9,0,0,0,,803,1111,0.04,0.09,0,0.0,0,100.0,0,58588.0,2148,,,,,,,,,303.25,308,4.51,3.89,0.15,98.98076,-0.69,0.04299918,0.03205924,0.2442193,0.3608696,597.6063,560.0,314.8957,54.8731,9.233503,64.93909,1.53,0.28,3.4,62,,,349,,,1144,12-Sep-16,17694855,,0.0,0.0,0.0,0.0,0.4910642,0.5897382,0.0,0.0,0.0046879,0.0,0.0,0.0,0.0,0.4910642,0.5897382,0.0,0.0,0.0046879,CHco,,,,,205R00097
,,37.09,-121.4699,2,CH,CHco,,,,,,,,,,,,,,,0.9571439,0.65755504,0.34243381,0,5,11,0,0,0,,842,1111,0.08,0.04,0,0.0,0,100.0,0,61918.19922,2185,,,,,,,,,209.71,269,4.65,4.28,0.17,98.66876,-0.7,0.0429155,0.03186919,0.2434906,0.3824701,600.3753,550.0,314.251,55.21793,9.296754,64.10802,1.53,0.28,3.4,53,,,349,,,1159,12-Sep-16,17694881,,0.0,0.0,0.0,2.666667,1.164854,0.6308905,0.0,0.00669456,0.0055793,0.0,0.0,0.0,2.666667,1.164854,0.6308905,0.0,0.00669456,0.0055793,CHco,,,,,205R00289
,,37.4521,-122.2985,2,CH,CHco,,,,,,,,,,,,,,,1.20531504,0.96404498,0.9640449,0,0,0,0,0,0,,447,641,0.04,0.13,0,0.0,0,100.0,0,71319.79688,2189,,,,,,,,,3.5,194,3.25,1.68,1.0,69.52515,-0.74,0.04569379,0.04360308,0.2778377,0.25,918.5,1138.0,275.25,74.66667,12.16667,48.5,1.36,0.25,2.02,21,,,294,,,979,12-Sep-16,17692869,,2.0,0.0,0.0,2.446483,2.419562,2.419562,0.0,0.02574003,0.02574003,2.0,0.0,0.0,2.446483,2.419562,2.419562,0.0,0.02574003,0.02574003,CHco,,,,,205R00296
,,37.36,-121.737,2,CH,CHco,,,,,,,,,,,,,,,0.0,0.17107793,0.16885595,0,0,0,0,0,0,,474,902,0.04,0.08,0,0.0,0,100.0,0,63863.80078,2048,,,,,,,,,36.51,428,3.37,3.01,0.06,101.7499,-0.68,0.04496034,0.03779822,0.2631018,1.0,624.96,732.0,272.1481,57.6,9.714286,101.8714,1.53,0.29,3.33,31,,,302,,,780,12-Sep-16,17694115,,0.0,0.0,0.0,0.0,0.356478,0.3518924,0.0,0.0,0.0,0.0,0.0,0.0,0.0,0.356478,0.3518924,0.0,0.0,0.0,CHco,,,,,205R00322
,,37.1898,-121.4689,2,CH,CHco,,,,,,,,,,,,,,,0.0,0.0,0.21290581,0,0,0,0,0,0,,590,979,0.05,0.09,0,0.0,0,100.0,0,47544.5,2204,,,,,,,,,80.63,389,3.36,3.0,0.06,101.7499,-0.68,0.04311919,0.03218096,0.2451258,0.0,545.7135,530.0,325.2812,52.16867,8.706827,64.43952,1.53,0.27,3.46,48,,,350,,,1166,12-Sep-16,17694653,,0.0,0.0,0.0,0.0,0.08801122,0.6731338,0.0,0.0,0.01227939,0.0,0.0,0.0,0.0,0.08801122,0.6731338,0.0,0.0,0.01227939,CHco,,,,,205R00337
,,37.178,-121.497,2,CH,CHco,,,,,,,,,,,,,,,0.0,0.21162836,0.23167861,0,0,0,0,0,0,,741,1111,0.05,0.11,0,0.0,0,100.0,0,55172.89844,2198,,,,,,,,,92.85,370,3.36,3.0,0.06,101.7499,-0.68,0.043274,0.03288533,0.246821,0.7142857,666.4532,677.0,298.0714,56.68852,9.699454,70.91803,1.53,0.28,3.4,47,,,348,,,971,12-Sep-16,17694671,,0.0,0.0,0.0,0.0,0.0,0.424274,0.0,0.0,0.0,0.0,0.0,0.0,0.0,0.0,0.424274,0.0,0.0,0.0,CHco,,,,,205R00401
,,37.3592,-122.3912,2,CH,CHco,,,,,,,,,,,,,,,0.17991447,1.67165691,1.67165685,0,0,0,0,0,0,,324,338,0.06,0.14,100,0.0,0,100.0,0,72121.5,1842,,,,,,,,,6.25,14,1.49,1.78,0.08,62.32105,-0.81,0.04506457,0.04196737,0.2712525,3.0,769.5333,1286.0,222.8333,76.68421,11.94737,61.78947,1.5,0.25,2.24,23,,,168,,,505,12-Sep-16,17688285,,0.0,0.0,0.0,0.0,1.123434,1.123434,0.0,0.014403,0.014403,0.0,0.0,0.0,0.0,1.123434,1.123434,0.0,0.014403,0.014403,CHco,,,,,202R00268
NA,Rounds123,37.2541447,-122.0421,2,CH,CHco,6.0,6.0,Xeric,Xeric,Perennial,0.0,0.0,0.0,40.9091,7.5839,7.6768,8.0,1.0,1.0,5.61989754,3.08998295,2.86839849,5,30,30,0,0,1,0.0,816,981,0.0469,0.13816667,68,0.0,68,47.53102255,0,71392.79688,2154,3.0,6.7993,0.02731,StreamRiver,Perennial,TRUE,FALSE,TRUE,22.71954,165,8.70753333,4.04913333,0.44303333,100.9653333,-0.64913333,0.04463333,0.0427,0.2624,1.26623333,1016.599167,813.7755,277.4699333,60.33496667,9.59566667,58.60466667,1.46543333,0.20946667,3.46123333,23,97.0,238.0,302,352.0,541.0,940,12-Sep-16,17693069,Stressed,0.0,0.0,0.0,39.50892857,7.31336406,7.44053509,9.0,0.91705069,0.78758855,0.0,0.0,0.0,39.50892857,7.31336406,7.44053509,9.0,0.91705069,0.78758855,CHco,,,,,205SAR080
NA,Round4,37.3887289,-122.28286,2,CH,CHco,1.0,1.0,Mountain,Mountain,Unknown,1.0,1.0,1.0,14.58483755,16.2195122,16.2195122,0.0,0.0,0.0,2.31791899,3.10356166,3.10356166,0,0,0,0,0,0,0.0,204,712,0.04046667,0.13083333,0,0.0,0,99.99999994,0,102261.5,1991,1.0,0.10358,0.07008,StreamRiver,Intermittent,FALSE,FALSE,FALSE,1.48059536,508,4.1792,1.97606667,1.01663333,69.33626667,-0.7449,0.0454,0.0424,0.2735,1.0,1061.0,1391.3334,261.5,76.0,12.0,54.0,1.45386667,0.1931,4.713,17,44.0,152.0,282,342.0909091,791.0,938,12-Sep-16,17687887,Intermediate,1.0,1.0,1.0,14.3890094,16.08222491,16.08222491,0.0,0.0,0.0,1.0,1.0,1.0,14.3890094,16.08222491,16.08222491,0.0,0.0,0.0,CHco,,,,,202LAH950
NA,Rounds123,38.058107,-122.76549,2,CH,CHco,6.0,6.0,Xeric,Xeric,Perennial,0.0,0.0,0.0,5.1693,3.5614,7.3432,0.0,0.0,0.0,1.70688504,1.7988426,1.88992908,1,10,60,4,0,0,0.0,774,788,0.0189,0.07576667,0,0.0,0,100.0,0,86601.39844,2026,3.0,43.99885,0.0022,StreamRiver,Perennial,TRUE,FALSE,TRUE,108.9280325,14,5.06413333,5.95946667,0.05276667,139.9360667,-0.50033333,0.04413333,0.04413333,0.28443333,0.2799,1002.5149,882.5611333,266.2568667,66.7659,10.72933333,42.16493333,1.46126667,0.21436667,1.8189,31,47.0,142.0,208,289.0,400.0,717,12-Sep-16,5329831,Intermediate,0.0,0.0,0.0,4.99412456,3.47074796,7.34257354,1.0,0.22710442,0.61821758,0.0,0.0,0.0,4.99412456,3.47074796,7.34257354,1.0,0.22710442,0.62317655,CHco,,,,,201LAG165
,,37.3904,-121.7835,2,CH,CHco,,,,,,,,,,,,,,,0.0,0.70208235,0.35070716,0,1,2,0,0,0,,599,902,0.05,0.09,0,0.0,0,100.0,0,58578.5,2155,,,,,,,,,32.72,303,6.6,3.73,0.33,91.46575,-0.72,0.04498513,0.03795457,0.2633691,1.0,636.831,715.0,269.6667,57.79208,9.831683,98.16832,1.53,0.29,3.08,31,,,322,,,897,12-Sep-16,17695621,,0.0,0.0,0.0,0.0,2.393671,1.482561,0.0,0.04733248,0.01925404,0.0,0.0,0.0,0.0,2.393671,1.482561,0.0,0.04733248,0.01925404,CHco,,,,,205R00275
NA,Rounds123,37.8479744,-122.10863,2,CH,CHco,6.0,6.0,Xeric,Xeric,Perennial,0.0,0.0,0.0,39.1207,12.796,12.7046,24.0,4.0,4.0,6.04228816,2.00782591,2.00580174,1,3,3,0,0,0,0.0,450,610,0.046,0.115,100,0.0,0,100.0,0,64712.60156,2104,1.0,2.12287,0.03657,StreamRiver,Perennial,TRUE,FALSE,TRUE,8.741837,160,7.58,2.6639,0.4264,77.4104,-0.7859,0.0493,0.0524,0.3139,1.0,690.9048,558.1375,278.5833,60.6786,10.0,47.2692,1.5282,0.3001,1.789,37,128.0,249.0,330,454.0,847.0,1159,12-Sep-16,2789399,Stressed,0.0,0.0,0.0,39.02439024,12.70466321,12.57472686,23.0,4.08290155,4.06101835,0.0,0.0,0.0,38.65484109,12.64248705,12.57472686,24.0,4.14507772,4.12286127,CHco,,,,,206WAL415
,,38.29495655,-122.1285965,2,CH,CHco,,,,Xeric,,,,,,,,,,,3.21147975,1.25081288,0.6353974,3,8,34,0,0,0,0.0,815,858,0.05228209,0.1133732,0,0.0,0,99.83981654,0,63176.80078,2354,,,,,,,,,112.68,43,13.89976548,5.13935124,0.18806133,72.03145818,-0.76617307,0.05162935,0.059926,0.34192585,0.18939394,761.2988506,678.7815753,335.780303,64.29682997,10.82420749,64.27089337,1.44471787,0.31864045,1.48054172,36,120.0,228.0,311,439.0,945.0,1165,07-Feb-17,2784569,,25.0,3.0,3.0,11.60409556,2.76047502,1.94808307,3.0,0.5736052,0.17172524,25.0,3.0,3.0,11.60409556,2.76047502,1.94808307,3.0,0.5736052,0.17172524,CHco,,,,,207SUI070
,,38.31375299,-121.9794333,2,CV,CV,,,,Xeric,,,,,,,,,,,0.0,0.0,0.0,0,0,0,0,0,0,0.0,191,272,0.045067,0.114629,0,0.0,0,100.0,0,61784.69922,2414,,,,,,,,,0.342,81,18.12625885,6.78414822,1.21250498,70.52005005,-0.66019887,0.05244019,0.06059935,0.34675339,0.0,540.0,411.899994,330.0,54.0,9.0,57.0,1.45822138,0.33369966,0.33199999,128,260.0,439.0,784,894.6842105,1163.0,1170,07-Feb-17,2786581,,0.0,0.0,0.0,0.0,0.0,0.0,0.0,0.0,0.0,0.0,0.0,0.0,0.0,0.0,0.0,0.0,0.0,0.0,CV,,,,,207SUI800
,,38.10667389,-122.16391,2,CH,CHco,,,,Xeric,,,,,,,,,,,0.8613433,0.76289928,1.3564988,0,3,7,0,0,0,0.0,298,342,0.05714697,0.12661298,100,0.0,100,0.0,0,59807.19922,2196,,,,,,,,,20.4903,44,11.23217594,4.44208657,0.31539829,69.87473054,-0.86775265,0.05073628,0.05755706,0.33245857,0.0,621.4893617,659.8968186,286.3043478,55.51612903,9.53225807,46.12903226,1.42745658,0.32012836,0.36752325,32,128.0,258.0,364,585.3,968.0,1167,07-Feb-17,2785021,,0.0,0.0,0.0,0.99312452,2.32784887,5.25321738,3.0,2.74832419,5.80225765,0.0,0.0,0.0,0.99312452,2.32175503,5.25321738,3.0,2.75441804,5.85935784,CHco,,,,,207SUL200
,,38.27058026,-122.1734338,2,CH,CHco,,,,Xeric,,,,,,,,,,,0.45097679,0.17334918,0.52658999,0,0,0,0,0,0,0.0,570,651,0.0351735,0.1505362,0,0.0,0,34.44549939,65,62430.89844,2314,,,,,,,,,11.6379,81,3.77966189,1.82915604,0.019962,104.8814087,-0.27854225,0.05120446,0.05913843,0.33827155,0.26666667,863.7777778,799.6128164,328.8,64.84848485,11.09090909,62.93939394,1.21500003,0.191,2.74399996,23,44.0,159.0,238,302.0,461.0,696,07-Feb-17,2784617,,0.0,0.0,0.0,5.09977827,0.54511714,1.75547135,1.0,0.08118766,0.07733354,0.0,0.0,0.0,5.09977827,0.54511714,1.75547135,1.0,0.08118766,0.07733354,CHco,,,,,207WHC634
,,37.97274103,-122.2282653,2,CH,CHco,,,,Xeric,,,,,,,,,,,2.15298298,1.9760509,2.18801393,0,9,10,0,0,0,0.0,295,371,0.05437025,0.11088264,100,0.0,0,100.0,0,60938.30078,2096,,,,,,,,,19.5255,76,17.19740541,6.16838214,1.26920166,66.68833033,-0.76788297,0.04954118,0.05441045,0.31991644,0.45833333,651.2272727,567.9833496,276.25,56.4137931,9.18965517,30.68965517,1.51514882,0.29755958,1.58488887,128,220.0,350.0,589,883.3333333,1144.0,1167,30-Jan-17,1671465,,0.0,0.0,0.0,7.63500931,4.34185216,4.59091957,0.0,0.30228085,0.33648306,0.0,0.0,0.0,7.63500931,4.34185216,4.59091957,0.0,0.30228085,0.33648306,CHco,,,,,206PIN610
,,37.59350519,-121.900542,2,CH,CHco,,,,Xeric,,,,,,,,,,,2.60889314,2.80048933,2.14336599,1,82,972,5,0,5,0.0,1256,1322,0.12754629,0.07820482,32,0.0,0,100.0,0,48321.10156,2164,,,,,,,,,1607.1705,66,5.4407209,3.43490882,0.26984743,71.33958829,-0.26139363,0.04678486,0.04252269,0.28172077,0.41127781,556.8043716,578.4787373,300.2907398,55.16262626,9.1779798,71.71743082,1.50233247,0.2811925,2.50000317,46,163.0,292.0,349,456.3333333,800.0,1046,07-Feb-17,2808563,,0.0,1.0,1.0,11.752888,12.88053014,5.16333519,19.0,9.5483893,9.29438414,0.0,1.0,1.0,11.65243596,12.82090595,5.16333519,19.0,9.60801349,9.4711171,CHco,,,,,204ALA320
,,37.54179858,-121.858581,2,CH,CHco,,,,Xeric,,,,,,,,,,,2.07240352,1.81457453,0.63454687,2,15,50,3,0,1,0.0,1230,1322,0.02913441,0.05891884,0,0.0,0,100.0,0,47470.5,2155,,,,,,,,,385.6482,92,4.92847409,3.92938453,0.18254304,96.13543562,-0.72390131,0.04535283,0.03863544,0.26690862,0.63930886,622.7947548,723.6312855,285.0583153,58.50252101,10.01428571,84.5146689,1.52301424,0.28622872,3.02204837,45,140.0,268.0,335,398.0,660.0,955,07-Feb-17,2806865,,0.0,0.0,0.0,9.63781461,3.78684154,2.25882035,13.0,1.05930677,0.09684993,0.0,0.0,0.0,9.33087784,3.76882612,2.25882035,13.0,1.07732219,0.09825017,CHco,,,,,204ALA382
,,37.52552379,-121.8463524,2,CH,CHco,,,,Xeric,,,,,,,,,,,1.77814957,1.86856163,0.60791231,3,14,43,2,0,1,0.0,1214,1322,0.02871874,0.05752839,0,0.0,0,100.0,0,48363.10156,2110,,,,,,,,,373.9716,108,4.53802253,3.86896683,0.15176314,96.67838839,-0.72372671,0.04530507,0.03848306,0.26639286,0.65178571,623.5633803,728.8940951,285.2254464,58.51170859,10.01561145,85.99394464,1.52279708,0.28577995,3.06706585,46,153.0,257.0,333,382.0,638.0,948,07-Feb-17,2808603,,0.0,0.0,0.0,8.0741231,3.82175047,2.20372349,1.0,0.10377135,0.03537702,0.0,0.0,0.0,8.0741231,3.82175047,2.20372349,1.0,0.10377135,0.03561768,CHco,,,,,204ALA396
,,37.50844405,-121.8291516,2,CH,CHco,,,,Xeric,,,,,,,,,,,1.92439276,1.30611655,0.55165201,2,11,35,1,0,0,0.0,1194,1322,0.02881254,0.05739267,0,0.0,0,100.0,0,59287.39844,2103,,,,,,,,,361.1862,128,4.19520737,3.81671188,0.12507778,97.5266328,-0.7202491,0.04525767,0.03833113,0.26588242,0.64814815,623.9647202,732.9191293,285.9328704,58.47043011,10.00089606,87.00894454,1.52285363,0.28579619,3.09947099,41,145.0,256.0,334,382.0,638.0,948,07-Feb-17,2806979,,0.0,0.0,0.0,10.1400934,3.52521604,2.15714222,0.0,0.04572265,0.03064901,0.0,0.0,0.0,10.1400934,3.52521604,2.15714222,0.0,0.04572265,0.03089819,CHco,,,,,204ALA410
,,37.50048311,-121.7850573,2,CH,CHco,,,,Xeric,,,,,,,,,,,1.25506303,1.25646893,0.43773076,0,0,5,1,0,0,0.0,922,1169,0.01223945,0.02411845,0,0.0,0,100.0,0,49954.19922,2055,,,,,,,,,91.6074,247,3.32466777,3.53123379,0.05874891,101.6565682,-0.68899651,0.04583718,0.03981685,0.27128346,0.66666667,623.4880383,761.0385139,289.5765766,58.69858156,10.0,84.76595745,1.53100002,0.292,3.32500005,43,150.0,252.0,348,382.0,625.0,911,07-Feb-17,2807007,,0.0,1.0,0.0,3.48493798,1.66447657,1.03157605,0.0,0.0,0.0,0.0,1.0,0.0,3.48493798,1.66447657,1.03157605,0.0,0.0,0.0,CHco,,,,,204ALA500
,,37.80358442,-122.1132171,2,CH,CHco,,,,Xeric,,,,,,,,,,,2.80358214,2.01692829,2.01692829,3,4,4,0,0,0,0.0,222,367,0.04663365,0.11476193,100,0.0,0,100.0,0,65634.70313,2063,,,,,,,,,3.2373,145,7.72507618,2.71652363,0.43874141,77.25328432,-0.78569064,0.04895669,0.05162827,0.31080818,0.4,678.75,592.9222209,265.0,62.0,10.0,38.88888889,1.5302192,0.301,1.95599997,28,62.0,181.0,310,414.5,796.0,1119,07-Feb-17,2803751,,0.0,0.0,0.0,7.89338801,4.61495691,4.61495691,2.0,1.36224632,1.36224632,0.0,0.0,0.0,7.84213224,4.58715596,4.61495691,2.0,1.39004726,1.39004726,CHco,,,,,204SLE150
,,38.28473596,-122.1703334,2,CH,CHco,,,,Xeric,,,,,,,,,,,0.0,0.0832862,0.0832862,0,0,0,0,0,0,0.0,489,685,0.037037,0.158315,0,0.0,0,99.71722796,0,85386.60156,2307,,,,,,,,,3.0258,196,3.77966189,1.82915604,0.019962,104.8814087,-0.27854225,0.05129182,0.05924743,0.33888678,0.25,845.3333333,765.5333252,331.25,61.11111111,10.22222222,59.88888889,1.2107237,0.191,2.74399996,27,46.0,166.0,246,309.75,500.0,700,07-Feb-17,2784599,,0.0,0.0,0.0,0.0,0.0,0.0,0.0,0.0,0.0,0.0,0.0,0.0,0.0,0.0,0.0,0.0,0.0,0.0,CHco,,,,,207GVC800
,,37.89521501,-121.9904608,2,CH,CHco,,,,Xeric,,,,,,,,,,,6.15178322,2.60609188,2.60609188,4,9,9,0,0,0,0.0,734,839,0.17654102,0.11914234,0,0.0,0,100.0,0,50380.80078,2186,,,,,,,,,5.0292,105,2.86521959,5.07657866,0.38515635,73.30385435,-0.32295586,0.05008732,0.0535898,0.32024063,0.14285714,554.5,420.3333232,301.4285714,54.875,9.25,77.625,1.53543676,0.30091776,2.02336361,47,164.0,309.0,380,711.0,966.0,1167,07-Feb-17,2790383,,0.0,0.0,0.0,15.8677686,5.01073729,5.01073729,0.0,0.01789549,0.01789549,0.0,0.0,0.0,15.8677686,5.01073729,5.01073729,0.0,0.01789549,0.01789549,CHco,,,,,207LPC025
